Game_ID,Game_Name
221,Game221
222,Game222
223,Game223
224,Game224
225,Game225
226,Game226
227,Game227
228,Game228
229,Game229
230,Game230
231,Game231
232,Game232
233,Game233
234,Game234
235,Game235
236,Game236
237,Game237
238,Game238
239,Game239
240,Game240
241,Game241
242,Game242
243,Game243
244,Game244
245,Game245
246,Game246
247,Game247
248,Game248
249,Game249
250,Game250
251,Game251
252,Game252
253,Game253
254,Game254
255,Game255
256,Game256
257,Game257
258,Game258
259,Game259
260,Game260
261,Game261
262,Game262
263,Game263
264,Game264
265,Game265
266,Game266
267,Game267
268,Game268
269,Game269
270,Game270
271,Game271
272,Game272
273,Game273
274,Game274
275,Game275
276,Game276
277,Game277
278,Game278
279,Game279
280,Game280
281,Game281
282,Game282
283,Game283
284,Game284
285,Game285
286,Game286
287,Game287
288,Game288
289,Game289
290,Game290
291,Game291
292,Game292
293,Game293
294,Game294
295,Game295
296,Game296
297,Game297
298,Game298
299,Game299
300,Game300
301,Game301
302,Game302
303,Game303
304,Game304
305,Game305
306,Game306
307,Game307
308,Game308
309,Game309
310,Game310
311,Game311
312,Game312
313,Game313
314,Game314
315,Game315
316,Game316
317,Game317
318,Game318
319,Game319
320,Game320
321,Game321
322,Game322
323,Game323
324,Game324
325,Game325
326,Game326
327,Game327
328,Game328
329,Game329
330,Game330
331,Game331
332,Game332
333,Game333
334,Game334
335,Game335
336,Game336
337,Game337
338,Game338
339,Game339
340,Game340
341,Game341
342,Game342
343,Game343
344,Game344
345,Game345
346,Game346
347,Game347
348,Game348
349,Game349
350,Game350
351,Game351
352,Game352
353,Game353
354,Game354
355,Game355
356,Game356
357,Game357
358,Game358
359,Game359
360,Game360
361,Game361
362,Game362
363,Game363
364,Game364
365,Game365
366,Game366
367,Game367
368,Game368
369,Game369
370,Game370
371,Game371
372,Game372
373,Game373
374,Game374
375,Game375
376,Game376
377,Game377
378,Game378
379,Game379
380,Game380
381,Game381
382,Game382
383,Game383
384,Game384
385,Game385
386,Game386
387,Game387
388,Game388
389,Game389
390,Game390
391,Game391
392,Game392
393,Game393
394,Game394
395,Game395
396,Game396
397,Game397
398,Game398
399,Game399
400,Game400
401,Game401
402,Game402
403,Game403
404,Game404
405,Game405
406,Game406
407,Game407
408,Game408
409,Game409
410,Game410
411,Game411
412,Game412
413,Game413
414,Game414
415,Game415
416,Game416
417,Game417
418,Game418
419,Game419
420,Game420
421,Game421
422,Game422
423,Game423
424,Game424
425,Game425
426,Game426
427,Game427
428,Game428
429,Game429
430,Game430
431,Game431
432,Game432
433,Game433
434,Game434
435,Game435
436,Game436
437,Game437
438,Game438
439,Game439
440,Game440
441,Game441
442,Game442
443,Game443
444,Game444
445,Game445
446,Game446
447,Game447
448,Game448
449,Game449
450,Game450
451,Game451
452,Game452
453,Game453
454,Game454
455,Game455
456,Game456
457,Game457
458,Game458
459,Game459
460,Game460
461,Game461
462,Game462
463,Game463
464,Game464
465,Game465
466,Game466
467,Game467
468,Game468
469,Game469
470,Game470
471,Game471
472,Game472
473,Game473
474,Game474
475,Game475
476,Game476
477,Game477
478,Game478
479,Game479
480,Game480
481,Game481
482,Game482
483,Game483
484,Game484
485,Game485
486,Game486
487,Game487
488,Game488
489,Game489
490,Game490
491,Game491
492,Game492
493,Game493
494,Game494
495,Game495
496,Game496
497,Game497
498,Game498
499,Game499
500,Game500
501,Game501
502,Game502
503,Game503
504,Game504
505,Game505
506,Game506
507,Game507
508,Game508
509,Game509
510,Game510
511,Game511
512,Game512
513,Game513
514,Game514
515,Game515
516,Game516
517,Game517
518,Game518
519,Game519
520,Game520
521,Game521
522,Game522
523,Game523
524,Game524
525,Game525
526,Game526
527,Game527
528,Game528
529,Game529
530,Game530
531,Game531
532,Game532
533,Game533
534,Game534
535,Game535
536,Game536
537,Game537
538,Game538
539,Game539
540,Game540
541,Game541
542,Game542
543,Game543
544,Game544
545,Game545
546,Game546
547,Game547
548,Game548
549,Game549
550,Game550
551,Game551
552,Game552
553,Game553
554,Game554
555,Game555
556,Game556
557,Game557
558,Game558
559,Game559
560,Game560
561,Game561
562,Game562
563,Game563
564,Game564
565,Game565
566,Game566
567,Game567
568,Game568
569,Game569
570,Game570
571,Game571
572,Game572
573,Game573
574,Game574
575,Game575
576,Game576
577,Game577
578,Game578
579,Game579
580,Game580
581,Game581
582,Game582
583,Game583
584,Game584
585,Game585
586,Game586
587,Game587
588,Game588
589,Game589
590,Game590
591,Game591
592,Game592
593,Game593
594,Game594
595,Game595
596,Game596
597,Game597
598,Game598
599,Game599
600,Game600
601,Game601
602,Game602
603,Game603
604,Game604
605,Game605
606,Game606
607,Game607
608,Game608
609,Game609
610,Game610
611,Game611
612,Game612
613,Game613
614,Game614
615,Game615
616,Game616
617,Game617
618,Game618
619,Game619
620,Game620
621,Game621
622,Game622
623,Game623
624,Game624
625,Game625
626,Game626
627,Game627
628,Game628
629,Game629
630,Game630
631,Game631
632,Game632
633,Game633
634,Game634
635,Game635
636,Game636
637,Game637
638,Game638
639,Game639
640,Game640
641,Game641
642,Game642
643,Game643
644,Game644
645,Game645
646,Game646
647,Game647
648,Game648
649,Game649
650,Game650
651,Game651
652,Game652
653,Game653
654,Game654
655,Game655
656,Game656
657,Game657
658,Game658
659,Game659
660,Game660
661,Game661
662,Game662
663,Game663
664,Game664
665,Game665
666,Game666
667,Game667
668,Game668
669,Game669
670,Game670
671,Game671
672,Game672
673,Game673
674,Game674
675,Game675
676,Game676
677,Game677
678,Game678
679,Game679
680,Game680
681,Game681
682,Game682
683,Game683
684,Game684
685,Game685
686,Game686
687,Game687
688,Game688
689,Game689
690,Game690
691,Game691
692,Game692
693,Game693
694,Game694
695,Game695
696,Game696
697,Game697
698,Game698
699,Game699
700,Game700
701,Game701
702,Game702
703,Game703
704,Game704
705,Game705
706,Game706
707,Game707
708,Game708
709,Game709
710,Game710
711,Game711
712,Game712
713,Game713
714,Game714
715,Game715
716,Game716
717,Game717
718,Game718
719,Game719
720,Game720
721,Game721
722,Game722
723,Game723
724,Game724
725,Game725
726,Game726
727,Game727
728,Game728
729,Game729
730,Game730
731,Game731
732,Game732
733,Game733
734,Game734
735,Game735
736,Game736
737,Game737
738,Game738
739,Game739
740,Game740
741,Game741
742,Game742
743,Game743
744,Game744
745,Game745
746,Game746
747,Game747
748,Game748
749,Game749
750,Game750
751,Game751
752,Game752
753,Game753
754,Game754
755,Game755
756,Game756
757,Game757
758,Game758
759,Game759
760,Game760
761,Game761
762,Game762
763,Game763
764,Game764
765,Game765
766,Game766
767,Game767
768,Game768
769,Game769
770,Game770
771,Game771
772,Game772
773,Game773
774,Game774
775,Game775
776,Game776
777,Game777
778,Game778
779,Game779
780,Game780
781,Game781
782,Game782
783,Game783
784,Game784
785,Game785
786,Game786
787,Game787
788,Game788
789,Game789
790,Game790
791,Game791
792,Game792
793,Game793
794,Game794
795,Game795
796,Game796
797,Game797
798,Game798
799,Game799
800,Game800
801,Game801
